Date,Price,Open,High,Low,Vol.,Change %
30-Dec-99,1480.45,"1,489.20","1,504.95","1,476.75",14.71M,0.28%
29-Dec-99,1476.35,"1,443.90","1,483.40","1,443.90",19.75M,2.37%
28-Dec-99,1442.20,"1,427.45","1,451.35","1,418.85",28.57M,0.71%
27-Dec-99,1432.10,"1,459.65","1,460.50","1,427.70",21.85M,-1.84%
24-Dec-99,1459.00,"1,488.05","1,489.90","1,453.35",25.67M,-1.97%
23-Dec-99,1488.35,"1,481.60","1,510.85","1,481.60",17.19M,0.45%
22-Dec-99,1481.70,"1,429.15","1,486.90","1,429.15",44.34M,4.22%
21-Dec-99,1421.70,"1,422.60","1,437.60","1,413.85",30.20M,-0.05%
20-Dec-99,1422.45,"1,419.45","1,435.55","1,418.75",31.08M,0.22%
17-Dec-99,1419.30,"1,420.10","1,439.25","1,414.15",29.85M,-0.03%
16-Dec-99,1419.70,"1,404.05","1,428.50","1,402.75",23.55M,1.31%
15-Dec-99,1401.40,"1,396.60","1,410.80","1,376.75",27.41M,0.23%
14-Dec-99,1398.25,"1,427.90","1,431.25","1,391.10",36.43M,-2.06%
13-Dec-99,1427.65,"1,440.20","1,444.95","1,421.85",25.63M,-0.84%
10-Dec-99,1439.70,"1,448.05","1,462.60","1,437.00",30.86M,-0.54%
9-Dec-99,1447.55,"1,437.10","1,451.50","1,428.05",28.32M,0.62%
8-Dec-99,1438.65,"1,451.10","1,486.15","1,420.95",55.49M,-0.45%
7-Dec-99,1445.15,"1,443.20","1,455.40","1,439.65",40.66M,0.16%
6-Dec-99,1442.85,"1,418.30","1,445.60","1,418.30",36.33M,1.75%
3-Dec-99,1418.00,"1,409.05","1,436.65","1,409.05",41.86M,0.65%
2-Dec-99,1408.85,"1,388.20","1,420.70","1,387.20",35.59M,1.45%
1-Dec-99,1388.75,"1,375.05","1,401.10","1,374.70",30.99M,0.92%
30-Nov-99,1376.15,"1,384.90","1,386.75","1,370.55",31.63M,-0.61%
29-Nov-99,1384.65,"1,399.80","1,401.25","1,382.20",29.33M,-1.07%
26-Nov-99,1399.60,"1,409.35","1,418.15","1,395.50",34.64M,-0.64%
25-Nov-99,1408.65,"1,395.85","1,417.65","1,395.85",36.85M,0.98%
24-Nov-99,1394.95,"1,376.50","1,404.05","1,376.50",41.97M,1.43%
22-Nov-99,1375.25,"1,362.40","1,378.10","1,358.20",30.07M,0.98%
19-Nov-99,1361.85,"1,365.25","1,381.05","1,360.05",25.39M,-0.18%
18-Nov-99,1364.25,"1,353.40","1,366.25","1,342.25",24.29M,0.89%
17-Nov-99,1352.25,"1,367.65","1,381.50","1,352.25",28.94M,-0.41%
16-Nov-99,1357.75,"1,362.30","1,362.30","1,351.40",24.94M,-0.36%
15-Nov-99,1362.70,"1,372.75","1,381.10","1,358.15",21.00M,-0.79%
12-Nov-99,1373.55,"1,389.25","1,389.40","1,368.85",24.60M,-1.16%
11-Nov-99,1389.60,"1,389.20","1,402.70","1,382.30",36.51M,0.04%
10-Nov-99,1389.10,"1,371.60","1,392.55","1,371.60",28.09M,1.31%
9-Nov-99,1371.20,"1,370.50","1,374.80","1,345.25",36.47M,0.12%
7-Nov-99,1369.60,"1,364.70","1,382.25","1,364.70",14.70M,0.37%
5-Nov-99,1364.55,"1,336.75","1,369.65","1,336.55",42.07M,2.08%
4-Nov-99,1336.80,"1,326.85","1,339.75","1,313.60",36.10M,0.78%
3-Nov-99,1326.40,"1,332.70","1,353.55","1,303.25",51.55M,-0.44%
2-Nov-99,1332.20,"1,269.30","1,335.60","1,239.80",49.35M,4.90%
1-Nov-99,1270.00,"1,325.90","1,332.70","1,260.80",42.51M,-4.18%
29-Oct-99,1325.45,"1,367.90","1,370.80","1,296.70",54.90M,-3.09%
28-Oct-99,1367.70,"1,411.20","1,411.45","1,361.05",38.44M,-3.10%
27-Oct-99,1411.40,"1,419.10","1,440.70","1,400.75",46.64M,-0.21%
26-Oct-99,1414.35,"1,426.60","1,431.50","1,410.95",43.55M,-0.83%
25-Oct-99,1426.20,"1,449.85","1,457.20","1,410.85",50.23M,-1.63%
23-Oct-99,1449.80,"1,430.75","1,451.85","1,429.10",13.42M,1.37%
22-Oct-99,1430.25,"1,452.60","1,452.60","1,421.40",47.32M,-1.59%
21-Oct-99,1453.35,"1,478.00","1,496.45","1,448.35",57.11M,-1.64%
20-Oct-99,1477.65,"1,446.20","1,498.70","1,446.20",56.37M,2.33%
18-Oct-99,1444.05,"1,454.90","1,461.45","1,426.15",48.45M,-0.72%
15-Oct-99,1454.55,"1,505.70","1,512.00","1,448.95",33.57M,-3.36%
14-Oct-99,1505.20,"1,497.30","1,522.85","1,496.65",40.80M,0.59%
13-Oct-99,1496.30,"1,485.45","1,510.50","1,466.00",61.68M,0.84%
12-Oct-99,1483.85,"1,484.40","1,493.15","1,472.35",55.86M,-0.01%
11-Oct-99,1484.00,"1,480.80","1,504.55","1,479.10",50.44M,0.32%
8-Oct-99,1479.25,"1,470.00","1,502.65","1,462.75",55.10M,0.65%
7-Oct-99,1469.75,"1,394.35","1,475.45","1,394.35",62.42M,5.53%
6-Oct-99,1392.70,"1,377.65","1,419.75","1,377.15",57.10M,1.06%
5-Oct-99,1378.15,"1,372.40","1,384.35","1,358.95",46.22M,0.43%
4-Oct-99,1372.30,"1,403.45","1,406.35","1,367.85",39.01M,-2.20%
1-Oct-99,1403.20,"1,414.65","1,419.10","1,389.05",49.45M,-0.70%
30-Sep-99,1413.10,"1,415.55","1,432.55","1,409.55",57.21M,-0.16%
29-Sep-99,1415.30,"1,380.70","1,429.05","1,380.30",58.49M,2.62%
28-Sep-99,1379.15,"1,389.25","1,389.45","1,363.45",55.04M,-0.74%
27-Sep-99,1389.50,"1,413.80","1,427.15","1,387.05",46.40M,-1.61%
24-Sep-99,1412.25,"1,397.45","1,427.75","1,396.75",53.62M,1.02%
23-Sep-99,1398.00,"1,387.95","1,403.55","1,387.45",40.01M,0.83%
22-Sep-99,1386.45,"1,350.70","1,400.00","1,350.70",34.76M,2.65%
21-Sep-99,1350.60,"1,358.45","1,367.75","1,348.60",36.61M,-0.53%
20-Sep-99,1357.85,"1,359.80","1,379.05","1,356.30",30.80M,-0.14%
17-Sep-99,1359.70,"1,350.35","1,364.05","1,329.70",34.65M,0.63%
16-Sep-99,1351.20,"1,374.45","1,375.35","1,347.30",31.30M,-1.71%
15-Sep-99,1374.70,"1,371.00","1,392.35","1,371.00",35.09M,0.30%
14-Sep-99,1370.55,"1,391.90","1,397.45","1,366.25",43.76M,-1.48%
10-Sep-99,1391.10,"1,397.15","1,398.60","1,388.85",40.90M,-0.42%
9-Sep-99,1396.90,"1,400.15","1,402.25","1,388.65",41.09M,-0.19%
8-Sep-99,1399.50,"1,385.55","1,413.45","1,385.55",43.97M,1.17%
7-Sep-99,1383.25,"1,391.20","1,403.75","1,378.95",40.41M,-0.50%
6-Sep-99,1390.20,"1,375.45","1,392.05","1,372.50",30.64M,1.11%
3-Sep-99,1374.95,"1,375.70","1,384.25","1,370.95",31.51M,-0.07%
2-Sep-99,1375.85,"1,410.00","1,410.00","1,372.50",32.97M,-2.47%
1-Sep-99,1410.70,"1,412.05","1,430.80","1,397.70",43.99M,-0.09%
31-Aug-99,1412.00,"1,422.65","1,424.05","1,409.55",38.97M,-0.75%
30-Aug-99,1422.60,"1,417.80","1,435.50","1,417.80",46.99M,0.36%
27-Aug-99,1417.50,"1,402.60","1,425.20","1,402.60",36.61M,1.07%
26-Aug-99,1402.50,"1,371.90","1,408.15","1,371.90",38.22M,2.25%
25-Aug-99,1371.65,"1,383.45","1,414.00","1,341.35",50.30M,-0.80%
24-Aug-99,1382.65,"1,370.05","1,385.60","1,369.90",45.41M,0.95%
23-Aug-99,1369.70,"1,347.75","1,375.95","1,347.75",46.43M,1.66%
20-Aug-99,1347.30,"1,345.60","1,350.30","1,332.40",28.90M,0.17%
19-Aug-99,1345.00,"1,363.50","1,375.45","1,341.55",43.35M,-1.35%
18-Aug-99,1363.35,"1,326.00","1,371.90","1,326.00",46.82M,3.07%
17-Aug-99,1322.70,"1,310.30","1,327.90","1,310.30",34.96M,0.98%
16-Aug-99,1309.90,"1,292.35","1,314.15","1,292.35",34.65M,1.40%
13-Aug-99,1291.85,"1,309.70","1,317.10","1,290.30",26.03M,-1.35%
12-Aug-99,1309.50,"1,315.90","1,321.55","1,308.05",27.26M,-0.44%
11-Aug-99,1315.30,"1,308.75","1,328.20","1,295.20",34.51M,0.42%
10-Aug-99,1309.75,"1,328.15","1,328.40","1,305.85",33.65M,-1.36%
9-Aug-99,1327.75,"1,316.90","1,332.90","1,312.80",37.62M,0.83%
6-Aug-99,1316.80,"1,323.15","1,326.00","1,315.15",30.09M,-0.49%
5-Aug-99,1323.30,"1,326.75","1,345.85","1,317.50",33.02M,-0.23%
4-Aug-99,1326.40,"1,285.90","1,329.30","1,285.90",43.24M,3.22%
3-Aug-99,1285.05,"1,289.20","1,290.80","1,277.85",39.01M,-0.35%
2-Aug-99,1289.60,"1,309.85","1,310.80","1,282.85",25.88M,-1.57%
30-Jul-99,1310.15,"1,325.55","1,325.55","1,302.50",34.29M,-1.17%
29-Jul-99,1325.70,"1,320.75","1,329.75","1,312.55",46.82M,0.42%
28-Jul-99,1320.10,"1,309.75","1,337.00","1,309.75",40.25M,0.78%
27-Jul-99,1309.85,"1,325.40","1,327.00","1,304.40",40.02M,-1.23%
26-Jul-99,1326.15,"1,342.60","1,342.60","1,314.80",30.65M,-1.25%
23-Jul-99,1342.95,"1,350.00","1,367.30","1,339.60",38.45M,-0.46%
22-Jul-99,1349.20,"1,339.05","1,358.25","1,337.55",43.14M,0.68%
21-Jul-99,1340.15,"1,314.80","1,346.65","1,302.80",40.17M,1.94%
20-Jul-99,1314.70,"1,349.60","1,350.35","1,310.85",50.20M,-2.59%
19-Jul-99,1349.60,"1,325.35","1,357.85","1,325.35",47.69M,1.91%
16-Jul-99,1324.25,"1,318.30","1,331.75","1,312.30",47.85M,0.50%
15-Jul-99,1317.70,"1,335.55","1,367.95","1,310.45",71.34M,-1.31%
14-Jul-99,1335.15,"1,322.90","1,341.10","1,306.20",62.49M,1.04%
13-Jul-99,1321.45,"1,315.75","1,338.15","1,315.75",69.96M,0.46%
12-Jul-99,1315.35,"1,254.10","1,318.05","1,254.10",66.69M,4.89%
9-Jul-99,1254.00,"1,244.40","1,260.70","1,244.40",65.22M,0.80%
8-Jul-99,1244.05,"1,243.90","1,251.15","1,238.40",56.92M,0.03%
7-Jul-99,1243.70,"1,241.65","1,255.75","1,238.15",59.20M,0.20%
6-Jul-99,1241.25,"1,230.30","1,246.40","1,230.30",46.09M,0.89%
5-Jul-99,1230.25,"1,197.95","1,232.40","1,197.95",55.95M,2.70%
2-Jul-99,1197.85,"1,183.65","1,204.15","1,183.65",51.74M,1.24%
1-Jul-99,1183.20,"1,187.85","1,197.00","1,179.30",36.95M,-0.38%
30-Jun-99,1187.70,"1,191.45","1,193.90","1,179.65",31.86M,-0.30%
29-Jun-99,1191.30,"1,192.20","1,198.70","1,185.30",36.79M,-0.08%
28-Jun-99,1192.20,"1,177.05","1,194.90","1,177.05",31.13M,1.29%
25-Jun-99,1177.00,"1,181.60","1,197.00","1,174.20",44.87M,-0.36%
24-Jun-99,1181.30,"1,192.55","1,193.10","1,171.30",42.20M,-0.99%
23-Jun-99,1193.15,"1,215.95","1,228.55","1,188.65",51.13M,-1.74%
22-Jun-99,1214.30,"1,202.95","1,219.45","1,201.20",47.53M,1.00%
21-Jun-99,1202.30,"1,175.30","1,203.35","1,175.30",43.40M,2.31%
18-Jun-99,1175.15,"1,177.15","1,189.20","1,172.20",48.31M,-0.10%
17-Jun-99,1176.35,"1,148.95","1,181.90","1,148.95",55.86M,2.46%
16-Jun-99,1148.15,"1,120.35","1,152.35","1,109.70",61.56M,2.47%
15-Jun-99,1120.50,"1,127.40","1,143.30","1,113.30",48.34M,-0.57%
14-Jun-99,1126.90,"1,140.75","1,140.75","1,099.85",37.23M,-1.31%
11-Jun-99,1141.90,"1,161.80","1,162.95","1,140.25",45.66M,-1.78%
10-Jun-99,1162.60,"1,163.70","1,175.95","1,159.60",46.94M,-0.05%
9-Jun-99,1163.20,"1,180.00","1,192.05","1,159.25",50.77M,-1.34%
8-Jun-99,1178.95,"1,145.90","1,178.95","1,138.05",49.67M,1.93%
7-Jun-99,1156.65,"1,159.55","1,164.15","1,150.20",39.20M,0.14%
4-Jun-99,1155.05,"1,150.05","1,162.00","1,149.10",55.68M,1.62%
3-Jun-99,1136.65,"1,129.90","1,141.05","1,127.30",48.74M,1.02%
2-Jun-99,1125.15,"1,120.65","1,127.65","1,107.20",37.66M,0.12%
1-Jun-99,1123.80,"1,125.55","1,139.80","1,113.00",52.30M,-0.75%
31-May-99,1132.30,"1,098.00","1,132.80","1,097.85",45.14M,4.70%
28-May-99,1081.50,"1,088.00","1,098.25","1,049.95",53.63M,-0.91%
27-May-99,1091.45,"1,132.85","1,147.95","1,091.45",43.74M,-3.88%
26-May-99,1135.50,"1,165.15","1,170.10","1,122.60",49.53M,-2.13%
25-May-99,1160.20,"1,148.05","1,164.20","1,147.40",50.70M,0.75%
24-May-99,1151.60,"1,147.40","1,154.50","1,132.50",39.33M,0.50%
21-May-99,1145.85,"1,176.95","1,177.00","1,139.10",51.67M,-1.80%
20-May-99,1166.90,"1,181.00","1,201.30","1,166.90",63.58M,-1.13%
19-May-99,1180.25,"1,169.60","1,189.20","1,161.60",76.33M,1.73%
18-May-99,1160.15,"1,155.75","1,176.30","1,153.45",59.04M,0.72%
17-May-99,1151.90,"1,164.45","1,171.10","1,120.70",71.28M,-1.15%
14-May-99,1165.35,"1,157.60","1,173.55","1,144.90",72.33M,1.50%
13-May-99,1148.10,"1,131.95","1,149.60","1,130.85",55.93M,3.35%
12-May-99,1110.90,"1,135.45","1,142.10","1,086.70",60.73M,-0.46%
11-May-99,1116.00,"1,102.20","1,121.95","1,100.50",45.79M,1.99%
10-May-99,1094.20,"1,070.75","1,094.20","1,070.35",39.31M,2.94%
7-May-99,1062.90,"1,065.40","1,080.70","1,059.05",44.52M,1.52%
6-May-99,1046.95,"1,024.95","1,048.05","1,023.95",38.42M,2.69%
5-May-99,1019.55,"1,014.65","1,034.55","1,004.90",41.62M,1.11%
4-May-99,1008.35,971.9,"1,008.35",971.8,27.44M,3.87%
3-May-99,970.75,979.8,986.4,968.25,23.77M,-0.76%
30-Apr-99,978.20,970.9,980.75,969.6,26.83M,1.20%
29-Apr-99,966.60,950.25,966.6,948.4,38.93M,2.45%
28-Apr-99,943.50,928.85,944.45,916,18.55M,1.30%
26-Apr-99,931.35,945.9,955.5,931.3,24.33M,-5.16%
23-Apr-99,982.00,987.05,994.3,968.15,21.27M,0.04%
22-Apr-99,981.65,999.55,"1,012.00",971.9,20.92M,-1.51%
21-Apr-99,996.65,997.35,"1,003.40",990.95,16.54M,0.13%
20-Apr-99,995.40,995.65,"1,003.70",983.7,22.58M,0.15%
19-Apr-99,993.90,961.3,"1,000.60",955.75,21.63M,2.79%
17-Apr-99,966.95,"1,065.50","1,069.55",961.4,38.24M,-7.42%
16-Apr-99,1044.45,970.95,"1,044.85",965.15,23.36M,7.83%
15-Apr-99,968.60,968.4,980.65,964.35,13.79M,-2.58%
13-Apr-99,994.25,991.05,"1,006.15",989.9,17.91M,-0.40%
12-Apr-99,998.20,984.55,999.65,972.7,13.24M,0.48%
9-Apr-99,993.40,"1,021.55","1,022.15",989.75,17.73M,-2.64%
8-Apr-99,1020.35,"1,033.00","1,036.95","1,015.30",14.70M,-1.04%
7-Apr-99,1031.05,"1,027.35","1,043.40","1,027.00",23.96M,0.67%
6-Apr-99,1024.20,999.8,"1,025.95",993,24.93M,1.27%
5-Apr-99,1011.40,"1,030.65","1,036.45","1,008.35",19.41M,-4.89%
1-Apr-99,1063.45,"1,082.55","1,084.05","1,062.45",21.15M,-1.35%
31-Mar-99,1078.05,"1,076.95","1,090.40","1,073.65",29.69M,2.22%
30-Mar-99,1054.60,"1,036.00","1,054.65","1,028.45",35.05M,1.28%
26-Mar-99,1041.25,"1,054.95","1,057.80","1,033.00",22.54M,-1.29%
25-Mar-99,1054.90,"1,057.95","1,068.15","1,053.30",20.30M,-0.74%
24-Mar-99,1062.80,"1,091.15","1,091.90","1,047.05",32.96M,-0.95%
23-Mar-99,1072.95,"1,063.95","1,079.85","1,063.90",34.87M,0.94%
22-Mar-99,1063.00,"1,052.60","1,066.60","1,044.10",24.38M,0.25%
20-Mar-99,1060.35,"1,063.15","1,063.65","1,053.60",5.49M,-0.24%
19-Mar-99,1062.90,"1,080.70","1,083.15","1,056.40",34.87M,-1.09%
18-Mar-99,1074.60,"1,061.40","1,074.60","1,058.25",32.80M,1.32%
17-Mar-99,1060.65,"1,078.20","1,088.55","1,057.75",33.75M,0.71%
16-Mar-99,1053.15,"1,068.85","1,075.70","1,052.90",39.90M,-1.94%
15-Mar-99,1073.95,"1,073.15","1,082.50","1,063.45",34.70M,0.12%
12-Mar-99,1072.65,"1,066.85","1,074.15","1,057.10",35.76M,1.23%
11-Mar-99,1059.60,"1,080.15","1,085.40","1,059.60",39.36M,-1.78%
10-Mar-99,1078.85,"1,099.15","1,099.80","1,062.70",48.97M,0.05%
9-Mar-99,1078.35,"1,074.25","1,084.65","1,071.75",44.68M,0.58%
8-Mar-99,1072.10,"1,064.35","1,080.30","1,056.85",53.11M,1.67%
5-Mar-99,1054.45,"1,043.45","1,061.40","1,033.80",55.46M,1.27%
4-Mar-99,1041.20,"1,056.85","1,060.55","1,030.45",42.62M,-1.01%
3-Mar-99,1051.85,"1,066.40","1,073.05","1,051.80",57.52M,3.55%
1-Mar-99,1015.80,992.45,"1,018.40",984.45,47.63M,3.52%
27-Feb-99,981.30,947.35,981.55,932.2,59.55M,4.26%
26-Feb-99,941.20,955.4,955.75,938.2,32.20M,-1.37%
25-Feb-99,954.30,954.7,962.6,951.9,34.38M,-0.35%
24-Feb-99,957.65,959.8,961.4,947.95,36.95M,0.84%
23-Feb-99,949.65,949.3,952.65,938.65,37.79M,-0.44%
22-Feb-99,953.85,978.5,978.85,953.6,34.74M,-2.30%
19-Feb-99,976.30,979.4,985.4,975.85,40.21M,0.29%
18-Feb-99,973.45,974.15,989.15,968.7,40.52M,0.45%
17-Feb-99,969.05,970.1,978.75,953.1,37.83M,1.06%
16-Feb-99,958.90,952.55,960.25,951.5,29.40M,0.46%
15-Feb-99,954.55,974.1,976.85,954.55,31.55M,-1.62%
12-Feb-99,970.25,965.7,972.75,962.35,26.22M,1.06%
11-Feb-99,960.05,966.85,973.7,958.15,40.02M,0.06%
10-Feb-99,959.45,938.8,959.6,935.2,33.20M,3.75%
9-Feb-99,924.75,914.7,924.75,907.45,29.54M,0.90%
8-Feb-99,916.50,937.75,940.9,916.5,23.98M,-2.11%
5-Feb-99,936.30,939.65,943.7,930.1,23.48M,-0.36%
4-Feb-99,939.70,957.15,958.8,937.5,29.43M,-1.33%
3-Feb-99,952.40,948,955.55,940.75,27.34M,2.28%
2-Feb-99,931.20,940.1,945.15,924.95,30.68M,-0.95%
1-Feb-99,940.15,962.4,968.05,940.15,23.18M,-2.70%
29-Jan-99,966.20,956.8,966.35,952.7,24.05M,1.16%
28-Jan-99,955.10,971.2,976.75,954.25,27.41M,-1.67%
27-Jan-99,971.30,968.55,985.25,967.65,41.78M,2.26%
25-Jan-99,949.80,954.35,956.65,935,40.89M,-0.76%
22-Jan-99,957.05,976.6,980.45,955.15,40.61M,-1.05%
21-Jan-99,967.20,935.15,967.2,932.8,49.36M,4.66%
19-Jan-99,924.10,944.15,948,923.2,39.49M,-2.20%
18-Jan-99,944.90,938.65,945.05,922.8,34.51M,1.13%
15-Jan-99,934.30,961.7,967.85,932.25,40.47M,-2.14%
14-Jan-99,954.75,948,968.4,944.5,45.30M,-0.67%
13-Jan-99,961.20,980.3,986.25,958.05,47.24M,-0.34%
12-Jan-99,964.45,976.7,985.55,953.9,48.16M,-2.15%
11-Jan-99,985.60,"1,005.15","1,016.30",985.6,68.20M,-0.45%
8-Jan-99,990.05,969.95,990.05,966.4,65.94M,3.70%
7-Jan-99,954.70,932.95,961.15,932.95,65.48M,2.85%
6-Jan-99,928.25,923.3,930.55,915.65,43.23M,2.32%
5-Jan-99,907.20,901,907.2,893.15,36.72M,1.05%
4-Jan-99,897.80,896.4,905.45,895.75,32.23M,0.79%
1-Jan-99,890.80,886.75,892.2,882.6,31.36M,0.74%
31-Dec-98,884.25,900.55,902.9,884.25,34.69M,-1.74%
30-Dec-98,899.95,887.4,903.85,887,45.23M,3.13%
29-Dec-98,872.65,876.9,881.25,867.8,32.69M,-0.82%
28-Dec-98,879.85,869.75,882.7,866.25,38.54M,2.18%
24-Dec-98,861.10,856.3,863.5,854.75,32.98M,0.28%
23-Dec-98,858.70,866.25,874.65,858.7,31.99M,0.16%
22-Dec-98,857.30,864.55,864.9,851.35,32.83M,0.11%
21-Dec-98,856.40,845.6,859.55,845.25,26.36M,2.54%
18-Dec-98,835.20,830.3,838.8,827.3,27.46M,0.60%
17-Dec-98,830.25,835.45,845.1,827.9,35.30M,-2.50%
16-Dec-98,851.55,844.65,851.55,836.85,29.02M,0.77%
15-Dec-98,845.05,861,861.1,844.55,30.90M,-2.15%
14-Dec-98,863.60,871.65,874.75,861.95,25.68M,-0.74%
11-Dec-98,870.00,867.15,874.2,865.7,31.46M,0.65%
10-Dec-98,864.40,858.6,865.8,858.5,23.91M,0.92%
9-Dec-98,856.55,855.95,864.7,855.1,32.20M,0.42%
8-Dec-98,853.00,844.95,853.85,840.5,28.67M,0.93%
7-Dec-98,845.15,829.75,846,828.2,29.17M,2.03%
4-Dec-98,828.35,816.15,828.35,813.1,30.71M,1.38%
3-Dec-98,817.05,821.3,822.5,814.5,19.87M,-0.50%
2-Dec-98,821.15,820.35,826.05,817.35,30.21M,0.55%
1-Dec-98,816.65,816.55,820.85,812.25,27.86M,-0.13%
30-Nov-98,817.75,808.6,817.75,800.1,27.22M,0.85%
28-Nov-98,810.85,812.7,817.4,804.3,20.34M,-0.20%
27-Nov-98,812.45,823.3,824.65,810.3,35.28M,-1.46%
26-Nov-98,824.45,838.85,843.55,821.4,31.10M,-2.06%
24-Nov-98,841.75,850.05,851.55,840.75,31.23M,-0.68%
23-Nov-98,847.55,856.4,856.4,844.85,23.06M,-1.13%
21-Nov-98,857.20,857.2,857.8,854.55,6.79M,-0.09%
20-Nov-98,857.95,864.3,867.7,855.4,35.06M,-0.73%
19-Nov-98,864.30,875.25,878.8,864.3,46.82M,-1.23%
18-Nov-98,875.05,862.9,876.15,862.9,30.29M,1.66%
17-Nov-98,860.75,855.45,861.65,854.55,31.83M,0.63%
16-Nov-98,855.35,866.5,866.5,854.3,30.89M,-1.37%
13-Nov-98,867.25,871.7,877.25,865,47.81M,-0.52%
12-Nov-98,871.75,868.45,874.2,857.2,44.86M,0.33%
11-Nov-98,868.85,869.45,882.1,866.6,39.88M,0.02%
10-Nov-98,868.70,864.8,871.6,859.7,33.37M,0.47%
9-Nov-98,864.65,841.3,870.5,841.3,45.12M,2.84%
6-Nov-98,840.80,829.2,842.15,829.2,42.43M,1.41%
5-Nov-98,829.15,821.35,830.4,821.35,29.84M,1.00%
3-Nov-98,820.90,823.2,825.3,818.6,32.84M,-0.28%
2-Nov-98,823.20,824.2,829.1,812.3,29.89M,-0.16%
31-Oct-98,824.55,820.25,824.7,819.9,12.58M,-0.52%
30-Oct-98,828.85,832.65,839.2,826.85,38.30M,-0.41%
29-Oct-98,832.25,833.55,834,818.95,28.36M,-0.19%
28-Oct-98,833.85,842.8,857.75,831.55,34.89M,-0.92%
27-Oct-98,841.60,845.45,848.25,835.7,31.48M,-0.43%
26-Oct-98,845.25,817.6,854.1,817.6,31.77M,3.32%
23-Oct-98,818.05,811.85,820.35,804.7,35.96M,0.79%
22-Oct-98,811.60,809.3,825.2,805.7,28.08M,0.36%
20-Oct-98,808.70,831.15,831.45,803.3,29.71M,-2.71%
19-Oct-98,831.25,839.7,840,830.1,9.08M,-0.98%
16-Oct-98,839.50,836.25,844.7,829.25,27.61M,0.46%
15-Oct-98,835.65,843.65,845.9,832.1,27.18M,-0.94%
14-Oct-98,843.55,816.55,846.75,816.55,31.67M,3.28%
13-Oct-98,816.75,835.45,835.75,810,36.45M,-2.28%
12-Oct-98,835.80,849.7,860.9,832.1,28.13M,-1.57%
9-Oct-98,849.10,847.95,861.55,842.1,35.21M,0.14%
8-Oct-98,847.95,874.65,885.25,845.1,38.66M,-3.01%
7-Oct-98,874.25,846.15,875.75,846.05,29.68M,3.37%
6-Oct-98,845.75,839.95,848.2,820.1,28.95M,0.59%
5-Oct-98,840.75,904.75,904.75,839.3,22.44M,-7.09%
30-Sep-98,904.95,908.3,912.25,896.05,24.83M,-0.38%
29-Sep-98,908.40,928.3,932.5,902.4,29.57M,-2.10%
28-Sep-98,927.90,935.6,941.45,926,26.17M,-0.75%
25-Sep-98,934.95,935.3,945.25,933,34.92M,0.02%
24-Sep-98,934.80,908.2,936.5,908.2,34.32M,2.98%
23-Sep-98,907.75,897.9,910.75,897.9,20.94M,1.17%
22-Sep-98,897.25,897.85,900.8,891.4,27.86M,-0.05%
21-Sep-98,897.70,902.1,908.05,895.85,26.97M,-0.44%
18-Sep-98,901.65,910,910,899.95,24.65M,-0.93%
17-Sep-98,910.10,914.45,919.95,908.55,24.93M,-0.48%
16-Sep-98,914.50,921.4,926.55,912.6,26.57M,-0.68%
15-Sep-98,920.80,920.1,923.2,915.6,25.55M,0.03%
14-Sep-98,920.50,900.2,921.65,900.2,31.31M,2.31%
11-Sep-98,899.70,907.1,907.1,893.3,25.93M,-0.85%
10-Sep-98,907.40,903.15,913.2,897.35,30.96M,0.42%
9-Sep-98,903.60,900.2,916.8,900.2,34.19M,0.41%
8-Sep-98,899.95,887.25,902.05,882.6,28.27M,1.45%
7-Sep-98,887.10,866.9,889.45,866.9,35.26M,2.38%
4-Sep-98,866.50,846.9,868.05,846.9,37.68M,2.37%
3-Sep-98,846.45,842.3,852.05,838.75,25.06M,0.47%
2-Sep-98,842.50,834.55,847.95,834.55,16.88M,0.95%
1-Sep-98,834.55,852.75,852.75,832.05,26.43M,-2.14%
31-Aug-98,852.80,850.3,858.6,841.1,19.78M,0.35%
28-Aug-98,849.80,877.15,877.15,847.15,31.49M,-3.15%
27-Aug-98,877.45,872.15,889.7,872.15,32.07M,0.64%
25-Aug-98,871.90,859.85,874.15,859.85,27.81M,1.41%
24-Aug-98,859.80,855.2,860.95,845.35,21.96M,0.51%
21-Aug-98,855.45,868.55,871.15,853.4,37.41M,-1.53%
20-Aug-98,868.70,839.3,871.15,839.3,34.01M,3.63%
19-Aug-98,838.30,832.85,853.9,830.15,36.17M,0.70%
18-Aug-98,832.45,854.55,854.8,831.1,26.63M,-2.59%
17-Aug-98,854.55,864.35,873.2,853.05,19.02M,-1.11%
14-Aug-98,864.10,872.85,876.8,863.55,17.90M,-0.93%
13-Aug-98,872.25,859.8,878.4,854.5,23.53M,1.41%
12-Aug-98,860.10,866.35,871.4,853.1,23.44M,-0.74%
11-Aug-98,866.50,878.7,878.7,863.65,23.65M,-1.39%
10-Aug-98,878.75,895.15,895.15,877.55,19.26M,-1.88%
7-Aug-98,895.55,902.75,903.55,892.9,22.25M,-0.80%
6-Aug-98,902.75,907.9,919,900.2,27.18M,-0.52%
5-Aug-98,907.45,905.65,911.8,890.95,22.29M,0.14%
4-Aug-98,906.20,905.65,913.45,903.15,19.66M,0.02%
3-Aug-98,906.00,930.8,930.8,903.5,18.36M,-2.73%
31-Jul-98,931.40,932.6,939.6,925.25,24.75M,-0.13%
30-Jul-98,932.60,938.15,949.85,926.8,23.82M,-0.56%
29-Jul-98,937.85,917.4,940.15,917.4,27.98M,2.25%
28-Jul-98,917.25,899.1,920,897.65,28.31M,1.99%
27-Jul-98,899.35,919.4,929.45,895.85,24.34M,-2.26%
24-Jul-98,920.10,933.5,934.75,915.5,27.51M,-1.53%
23-Jul-98,934.40,965.35,965.35,931.75,26.41M,-3.24%
22-Jul-98,965.70,965.55,976.5,959.5,21.58M,0.02%
21-Jul-98,965.50,977.65,983.4,960.85,26.91M,-1.21%
20-Jul-98,977.30,"1,001.90","1,002.40",973.75,20.88M,-2.36%
17-Jul-98,1000.95,"1,005.10","1,015.55",996.6,32.61M,-0.31%
16-Jul-98,1004.05,972,"1,005.90",969.55,28.15M,3.36%
15-Jul-98,971.40,968.05,988.55,968.05,24.90M,0.42%
14-Jul-98,967.35,964.1,970.3,954.5,23.63M,0.31%
13-Jul-98,964.35,980.3,991.7,959.4,31.76M,-1.61%
10-Jul-98,980.15,961.65,982.2,961.65,34.69M,1.99%
9-Jul-98,961.05,944.1,966.1,944.1,26.54M,1.79%
8-Jul-98,944.15,925.15,948.3,924.95,25.04M,2.10%
7-Jul-98,924.70,917.45,936,917.45,29.37M,0.80%
6-Jul-98,917.35,901,919.5,900.9,17.28M,1.87%
3-Jul-98,900.55,920.05,920.05,898.65,17.73M,-2.10%
2-Jul-98,919.90,941.65,941.65,918.1,15.84M,-2.37%
1-Jul-98,942.25,941.6,945.55,916.5,19.34M,0.06%
30-Jun-98,941.65,949.45,952.75,933,28.72M,-0.78%
29-Jun-98,949.10,923.2,951.2,916.65,26.26M,2.68%
26-Jun-98,924.35,931.8,932.5,914.45,22.79M,-0.84%
25-Jun-98,932.15,908.65,939.15,908.65,27.32M,2.60%
24-Jun-98,908.50,875.45,910.05,873.6,25.45M,3.76%
23-Jun-98,875.60,882.2,882.2,853.05,31.60M,-0.52%
22-Jun-98,880.20,912.9,912.9,853.3,25.71M,-3.62%
19-Jun-98,913.25,955.05,955.05,910.55,26.78M,-4.49%
18-Jun-98,956.15,977,990.15,952.65,27.62M,-2.08%
17-Jun-98,976.50,910.9,980.3,910.9,30.37M,7.30%
16-Jun-98,910.10,916.25,916.25,862.15,38.57M,-0.73%
15-Jun-98,916.80,970.95,970.95,914.3,25.51M,-5.60%
12-Jun-98,971.15,961.6,987.3,961.6,27.89M,1.02%
11-Jun-98,961.35,962.15,964.65,929.95,31.75M,-0.16%
10-Jun-98,962.90,994.55,998.65,959.6,32.96M,-3.23%
9-Jun-98,995.05,968.9,"1,002.45",964.7,36.85M,2.73%
8-Jun-98,968.60,993.5,"1,003.15",936.55,45.56M,-2.51%
5-Jun-98,993.50,"1,026.60","1,026.60",989.2,41.66M,-3.26%
4-Jun-98,1027.00,"1,034.10","1,044.40","1,023.35",32.70M,-0.67%
3-Jun-98,1033.90,"1,019.35","1,037.30","1,009.95",46.09M,1.40%
2-Jun-98,1019.60,"1,053.40","1,053.65","1,016.25",54.41M,-3.24%
1-Jun-98,1053.75,"1,064.10","1,100.00","1,049.40",52.12M,-0.88%
29-May-98,1063.15,"1,075.35","1,077.15","1,037.95",48.70M,-1.15%
28-May-98,1075.55,"1,090.50","1,097.00","1,073.30",35.19M,-1.41%
27-May-98,1090.95,"1,104.05","1,107.20","1,089.00",32.87M,-1.22%
26-May-98,1104.45,"1,123.15","1,123.15","1,101.55",25.22M,-1.65%
25-May-98,1122.95,"1,125.90","1,127.00","1,111.20",19.98M,-0.32%
22-May-98,1126.55,"1,126.10","1,131.25","1,118.50",25.80M,0.04%
21-May-98,1126.15,"1,141.65","1,146.35","1,120.35",29.50M,-1.33%
20-May-98,1141.30,"1,121.70","1,142.95","1,121.70",28.29M,1.74%
19-May-98,1121.75,"1,119.80","1,125.15","1,116.20",27.34M,0.17%
18-May-98,1119.80,"1,110.65","1,130.00","1,110.65",23.78M,0.87%
15-May-98,1110.10,"1,119.15","1,130.40","1,104.20",35.34M,-0.76%
14-May-98,1118.65,"1,094.05","1,121.75","1,081.60",45.35M,2.24%
13-May-98,1094.10,"1,132.10","1,132.10","1,091.25",37.02M,-3.37%
12-May-98,1132.25,"1,160.15","1,160.15","1,100.10",41.83M,-2.42%
11-May-98,1160.30,"1,162.20","1,162.95","1,156.45",18.26M,-0.11%
8-May-98,1161.55,"1,172.10","1,172.20","1,157.30",26.99M,-0.93%
6-May-98,1172.45,"1,188.00","1,196.70","1,169.15",28.95M,-1.32%
5-May-98,1188.10,"1,185.20","1,191.25","1,177.30",27.78M,0.25%
4-May-98,1185.15,"1,159.80","1,185.75","1,159.80",27.34M,2.23%
30-Apr-98,1159.35,"1,151.40","1,161.00","1,137.80",27.87M,0.72%
29-Apr-98,1151.10,"1,151.30","1,178.05","1,147.00",32.23M,0.37%
28-Apr-98,1146.80,"1,164.10","1,164.30","1,144.55",37.42M,-1.51%
27-Apr-98,1164.35,"1,173.85","1,180.20","1,161.20",32.96M,-0.81%
24-Apr-98,1173.80,"1,182.15","1,183.75","1,144.85",39.94M,-0.70%
23-Apr-98,1182.10,"1,210.25","1,211.30","1,179.75",33.22M,-2.37%
22-Apr-98,1210.80,"1,212.95","1,247.15","1,208.00",42.63M,-0.16%
21-Apr-98,1212.75,"1,207.20","1,218.95","1,207.20",35.67M,0.46%
20-Apr-98,1207.15,"1,210.05","1,222.55","1,202.20",32.87M,-0.24%
17-Apr-98,1210.00,"1,197.05","1,211.80","1,189.75",36.50M,1.08%
16-Apr-98,1197.05,"1,206.35","1,215.05","1,194.50",33.01M,-0.77%
15-Apr-98,1206.30,"1,159.55","1,210.60","1,159.55",41.79M,4.04%
13-Apr-98,1159.45,"1,191.65","1,191.65","1,156.85",44.46M,-2.76%
10-Apr-98,1192.40,"1,209.75","1,209.90","1,189.45",40.18M,-1.42%
9-Apr-98,1209.60,"1,189.40","1,224.25","1,189.40",56.38M,1.84%
7-Apr-98,1187.80,"1,187.35","1,199.55","1,184.00",49.89M,0.06%
6-Apr-98,1187.10,"1,173.55","1,191.55","1,173.55",43.16M,1.16%
3-Apr-98,1173.45,"1,157.90","1,174.55","1,157.30",42.06M,1.39%
2-Apr-98,1157.40,"1,150.40","1,169.55","1,150.40",42.31M,0.63%
1-Apr-98,1150.10,"1,117.15","1,151.00","1,117.15",37.87M,2.97%
31-Mar-98,1116.90,"1,124.75","1,127.50","1,111.85",42.70M,-0.71%
30-Mar-98,1124.85,"1,140.60","1,146.65","1,122.95",33.08M,-1.36%
27-Mar-98,1140.35,"1,129.50","1,142.10","1,121.20",35.11M,0.96%
26-Mar-98,1129.50,"1,147.65","1,156.70","1,127.30",40.29M,-1.52%
25-Mar-98,1146.95,"1,121.45","1,149.35","1,121.45",41.32M,2.33%
24-Mar-98,1120.85,"1,124.25","1,137.80","1,117.35",45.07M,-0.29%
23-Mar-98,1124.10,"1,110.10","1,124.80","1,110.10",9.18M,1.31%
20-Mar-98,1109.60,"1,105.50","1,112.40","1,097.75",36.37M,0.34%
19-Mar-98,1105.80,"1,103.80","1,113.45","1,099.80",35.31M,0.22%
18-Mar-98,1103.35,"1,083.85","1,108.20","1,083.85",34.70M,1.85%
17-Mar-98,1083.30,"1,090.25","1,090.25","1,072.70",36.06M,-0.66%
16-Mar-98,1090.45,"1,077.75","1,102.60","1,077.75",35.10M,1.20%
12-Mar-98,1077.50,"1,083.35","1,083.95","1,072.40",37.96M,-0.51%
11-Mar-98,1083.00,"1,086.65","1,102.60","1,074.55",44.41M,-0.28%
10-Mar-98,1086.05,"1,099.35","1,102.85","1,082.70",43.62M,-1.22%
9-Mar-98,1099.50,"1,081.95","1,100.40","1,081.95",46.02M,1.67%
6-Mar-98,1081.45,"1,083.30","1,086.00","1,073.25",29.67M,-0.18%
5-Mar-98,1083.35,"1,091.95","1,098.90","1,079.95",30.73M,-0.82%
4-Mar-98,1092.35,"1,062.70","1,094.45","1,062.70",39.83M,2.71%
3-Mar-98,1063.50,"1,099.25","1,101.95","1,046.75",48.97M,-3.16%
2-Mar-98,1098.20,"1,060.90","1,100.80","1,060.90",49.45M,3.53%
27-Feb-98,1060.75,"1,045.85","1,064.15","1,045.75",44.48M,1.43%
26-Feb-98,1045.80,"1,036.30","1,048.55","1,032.40",29.64M,0.94%
25-Feb-98,1036.05,"1,014.10","1,037.15","1,014.10",31.61M,2.16%
24-Feb-98,1014.10,"1,009.50","1,017.55","1,007.40",29.76M,0.45%
23-Feb-98,1009.60,994.1,"1,011.70",994.1,21.60M,1.61%
20-Feb-98,993.65,997.1,"1,006.25",991.85,24.11M,-0.39%
19-Feb-98,997.55,988.95,"1,001.10",988.95,28.31M,0.88%
18-Feb-98,988.85,992.15,997.8,984,29.28M,-0.29%
17-Feb-98,991.70,974.65,"1,002.15",974.65,30.89M,1.76%
13-Feb-98,974.55,956.8,978.15,956.8,27.99M,1.87%
12-Feb-98,956.65,959.05,960.25,949.65,23.25M,-0.23%
11-Feb-98,958.90,964.25,971.75,956,25.11M,-0.50%
10-Feb-98,963.70,976.1,976.1,962,24.27M,-1.27%
9-Feb-98,976.10,977.55,980.75,973.1,23.99M,-0.16%
6-Feb-98,977.65,976.1,981.2,971.9,31.13M,0.16%
5-Feb-98,976.10,968.15,980.45,968.15,26.14M,0.84%
4-Feb-98,967.95,975.9,988.4,965.45,40.63M,-0.75%
3-Feb-98,975.25,977.05,979.55,967.85,34.73M,-0.14%
2-Feb-98,976.60,963.45,978.05,962.25,31.34M,1.36%
30-Jan-98,963.45,941.4,965.3,941.4,30.65M,2.35%
29-Jan-98,941.35,944.55,944.55,929.05,26.13M,-0.37%
28-Jan-98,944.80,962.65,969.7,940.1,40.29M,-1.92%
27-Jan-98,963.30,986.9,988,959.4,30.14M,-2.38%
23-Jan-98,986.80,992.2,992.45,984.55,27.24M,-0.56%
22-Jan-98,992.35,"1,012.20","1,012.20",990.85,30.49M,-1.98%
21-Jan-98,1012.40,"1,011.60","1,017.75","1,003.90",26.66M,0.09%
20-Jan-98,1011.45,"1,017.25","1,029.65","1,008.80",39.47M,-0.57%
19-Jan-98,1017.25,998.3,"1,019.75",992.05,39.09M,1.95%
16-Jan-98,997.80,990.05,999.8,987.1,40.38M,0.82%
15-Jan-98,989.65,997.5,"1,001.30",975.65,42.79M,-0.79%
14-Jan-98,997.55,999.45,"1,019.85",990.75,41.53M,-0.16%
13-Jan-98,999.10,995.7,"1,016.80",995.7,40.45M,0.33%
12-Jan-98,995.80,"1,033.20","1,033.20",992.5,43.26M,-3.65%
9-Jan-98,1033.55,"1,057.65","1,057.65","1,028.70",52.84M,-2.29%
8-Jan-98,1057.75,"1,082.05","1,082.05","1,054.00",45.96M,-2.28%
7-Jan-98,1082.40,"1,079.95","1,097.30","1,071.75",41.51M,0.30%
6-Jan-98,1079.15,"1,091.25","1,091.25","1,074.10",33.05M,-1.15%
5-Jan-98,1091.65,"1,086.60","1,102.15","1,086.60",31.89M,0.50%
2-Jan-98,1086.20,"1,081.00","1,091.30","1,081.00",25.93M,0.46%
1-Jan-98,1081.20,"1,078.95","1,084.50","1,074.15",24.61M,0.17%
31-Dec-97,1079.40,"1,058.45","1,083.35","1,057.75",35.19M,1.97%
30-Dec-97,1058.50,"1,078.75","1,080.20","1,054.55",35.07M,-1.90%
29-Dec-97,1079.00,"1,061.65","1,081.50","1,060.20",32.24M,1.65%
26-Dec-97,1061.45,"1,054.15","1,066.00","1,054.15",37.99M,0.69%
24-Dec-97,1054.15,"1,054.80","1,055.50","1,032.95",31.66M,-0.06%
23-Dec-97,1054.80,"1,051.45","1,066.25","1,049.55",37.09M,0.32%
22-Dec-97,1051.40,"1,028.45","1,053.40","1,028.45",37.17M,2.24%
19-Dec-97,1028.40,"1,009.30","1,029.75","1,006.80",30.81M,1.85%
18-Dec-97,1009.70,"1,013.50","1,023.85","1,008.15",38.61M,-0.34%
17-Dec-97,1013.15,"1,002.25","1,017.60","1,002.15",31.34M,1.08%
16-Dec-97,1002.35,980,"1,007.75",979.8,41.40M,2.30%
15-Dec-97,979.85,965,980.65,957.2,37.94M,1.52%
12-Dec-97,965.15,973.7,979.1,963.85,47.06M,-0.87%
11-Dec-97,973.65,971.7,978.8,943,55.95M,0.18%
10-Dec-97,971.90,983.2,983.2,965.85,36.43M,-1.23%
9-Dec-97,984.05,"1,008.50","1,011.50",979.7,54.35M,-2.45%
8-Dec-97,1008.80,"1,006.65","1,014.15","1,003.20",40.75M,0.25%
5-Dec-97,1006.30,"1,011.40","1,024.35","1,002.45",48.23M,-0.54%
4-Dec-97,1011.75,"1,030.20","1,036.60","1,007.80",60.98M,-1.84%
3-Dec-97,1030.70,"1,030.20","1,037.40","1,022.05",42.01M,0.09%
2-Dec-97,1029.80,"1,033.15","1,041.25","1,024.85",43.43M,-0.28%
1-Dec-97,1032.65,"1,023.85","1,033.90","1,008.45",36.59M,0.85%
28-Nov-97,1023.95,"1,046.35","1,046.35","1,014.85",55.51M,-2.18%
27-Nov-97,1046.75,"1,016.95","1,048.95","1,011.90",54.72M,2.94%
26-Nov-97,1016.85,"1,011.40","1,028.90","1,011.05",44.52M,0.61%
25-Nov-97,1010.70,981.1,"1,015.20",974.7,63.87M,3.00%
24-Nov-97,981.25,"1,005.70","1,010.65",979.75,46.40M,-2.44%
21-Nov-97,1005.75,994.85,"1,014.50",990.4,56.88M,1.07%
20-Nov-97,995.15,987.7,"1,004.80",974.2,55.63M,0.74%
19-Nov-97,987.85,"1,009.55","1,009.55",971.2,47.42M,-2.17%
18-Nov-97,1009.80,"1,025.30","1,025.40","1,004.20",38.59M,-1.48%
17-Nov-97,1024.95,"1,022.30","1,028.50","1,014.55",34.32M,0.25%
13-Nov-97,1022.40,"1,044.55","1,044.55","1,013.10",49.15M,-2.16%
12-Nov-97,1045.00,"1,073.30","1,073.30","1,042.35",39.84M,-2.64%
11-Nov-97,1073.35,"1,065.90","1,076.50","1,064.30",32.15M,0.70%
10-Nov-97,1065.90,"1,074.50","1,074.50","1,064.40",24.16M,-0.83%
7-Nov-97,1074.80,"1,081.15","1,081.45","1,072.15",28.28M,-0.57%
6-Nov-97,1080.95,"1,084.80","1,085.20","1,068.40",35.24M,-0.37%
5-Nov-97,1085.00,"1,091.20","1,096.05","1,081.90",37.02M,-0.48%
4-Nov-97,1090.20,"1,083.80","1,097.05","1,079.55",49.37M,0.57%
3-Nov-97,1084.00,"1,085.75","1,096.05","1,071.20",34.13M,-0.12%
30-Oct-97,1085.25,"1,106.90","1,106.90","1,080.15",21.16M,-1.96%
29-Oct-97,1107.00,"1,033.00","1,108.50","1,033.00",59.05M,7.21%
28-Oct-97,1032.60,"1,120.60","1,120.60","1,028.20",63.95M,-7.87%
27-Oct-97,1120.80,"1,136.00","1,136.00","1,116.00",40.48M,-1.39%
24-Oct-97,1136.65,"1,151.45","1,151.45","1,122.55",56.98M,-1.30%
23-Oct-97,1151.65,"1,169.40","1,171.05","1,140.80",46.67M,-1.56%
22-Oct-97,1169.85,"1,175.55","1,184.90","1,168.30",39.49M,-0.43%
21-Oct-97,1174.95,"1,188.20","1,192.00","1,171.20",59.46M,-1.12%
20-Oct-97,1188.20,"1,177.50","1,189.40","1,172.05",48.21M,0.88%
17-Oct-97,1177.80,"1,168.75","1,181.15","1,168.70",53.92M,0.81%
16-Oct-97,1168.35,"1,150.45","1,171.60","1,150.45",53.55M,1.56%
15-Oct-97,1150.45,"1,138.45","1,152.65","1,138.45",42.09M,1.10%
14-Oct-97,1137.90,"1,156.45","1,158.80","1,131.00",59.61M,-1.65%
13-Oct-97,1156.95,"1,165.50","1,177.50","1,153.85",67.81M,-0.57%
10-Oct-97,1163.55,"1,135.30","1,166.05","1,133.60",71.97M,2.56%
9-Oct-97,1134.55,"1,119.10","1,135.95","1,118.65",40.21M,1.78%
1-Oct-97,1114.70,"1,123.45","1,123.45","1,102.45",33.34M,-0.81%
30-Sep-97,1123.80,"1,125.65","1,125.65","1,112.50",38.10M,-0.17%
29-Sep-97,1125.70,"1,124.90","1,133.40","1,122.60",40.31M,0.86%
26-Sep-97,1116.10,"1,111.65","1,122.25","1,111.65",34.68M,0.43%
25-Sep-97,1111.35,"1,100.85","1,112.40","1,098.35",41.70M,0.95%
24-Sep-97,1100.85,"1,089.15","1,108.15","1,089.15",29.93M,1.12%
23-Sep-97,1088.65,"1,084.40","1,090.95","1,079.60",34.74M,0.34%
22-Sep-97,1085.00,"1,104.25","1,104.25","1,082.50",33.94M,-1.75%
19-Sep-97,1104.30,"1,109.60","1,115.15","1,099.60",32.87M,-0.46%
18-Sep-97,1109.35,"1,133.60","1,133.60","1,101.65",35.46M,-2.19%
17-Sep-97,1134.20,"1,140.30","1,141.75","1,132.75",6.78M,-0.52%
16-Sep-97,1140.15,"1,141.10","1,149.25","1,137.80",40.37M,-0.07%
15-Sep-97,1141.00,"1,142.75","1,143.35","1,136.30",26.85M,-0.16%
12-Sep-97,1142.85,"1,154.20","1,154.20","1,138.25",33.31M,-0.99%
11-Sep-97,1154.30,"1,154.60","1,163.30","1,152.55",39.30M,-0.02%
10-Sep-97,1154.55,"1,159.00","1,159.00","1,143.95",36.39M,-0.43%
9-Sep-97,1159.55,"1,158.30","1,168.35","1,154.95",45.64M,0.11%
8-Sep-97,1158.25,"1,148.70","1,160.85","1,136.85",36.17M,0.78%
5-Sep-97,1149.25,"1,137.20","1,152.30","1,137.20",49.76M,1.06%
4-Sep-97,1137.15,"1,134.30","1,138.80","1,123.70",42.32M,0.22%
3-Sep-97,1134.70,"1,118.45","1,145.40","1,118.45",54.91M,1.57%
2-Sep-97,1117.15,"1,104.90","1,125.85","1,102.45",53.38M,1.13%
1-Sep-97,1104.70,"1,105.45","1,115.00","1,097.95",48.04M,-0.03%
29-Aug-97,1105.00,"1,134.20","1,134.20","1,098.90",66.42M,-2.61%
28-Aug-97,1134.65,"1,168.40","1,168.40","1,132.25",48.03M,-2.89%
27-Aug-97,1168.40,"1,152.40","1,184.85","1,152.40",41.33M,1.45%
26-Aug-97,1151.75,"1,144.55","1,160.45","1,144.05",45.30M,0.65%
25-Aug-97,1144.30,"1,160.40","1,160.40","1,119.65",53.76M,-1.39%
22-Aug-97,1160.45,"1,181.55","1,181.60","1,158.45",41.58M,-1.78%
21-Aug-97,1181.50,"1,198.80","1,212.15","1,179.30",39.21M,-1.39%
20-Aug-97,1198.20,"1,179.55","1,200.25","1,178.65",38.30M,1.48%
19-Aug-97,1180.70,"1,201.50","1,203.15","1,177.10",42.45M,-1.73%
18-Aug-97,1201.45,"1,228.40","1,228.45","1,198.75",29.11M,-2.15%
14-Aug-97,1227.90,"1,244.40","1,245.80","1,226.10",30.42M,-1.34%
13-Aug-97,1244.60,"1,248.30","1,251.40","1,240.90",28.31M,-0.31%
12-Aug-97,1248.45,"1,258.50","1,272.00","1,243.95",50.21M,-0.79%
11-Aug-97,1258.35,"1,256.85","1,260.00","1,247.65",40.34M,0.11%
8-Aug-97,1256.95,"1,269.55","1,269.55","1,253.20",34.35M,-1.00%
7-Aug-97,1269.65,"1,292.80","1,292.80","1,259.05",55.76M,-1.80%
6-Aug-97,1292.95,"1,273.65","1,297.10","1,273.65",10.63M,1.56%
5-Aug-97,1273.15,"1,250.50","1,275.45","1,249.70",56.50M,1.82%
4-Aug-97,1250.40,"1,238.75","1,254.50","1,237.95",57.18M,1.46%
1-Aug-97,1232.40,"1,224.40","1,233.85","1,219.90",60.69M,0.89%
31-Jul-97,1221.50,"1,203.95","1,224.70","1,201.85",56.42M,1.97%
30-Jul-97,1197.90,"1,196.65","1,205.80","1,195.85",41.31M,0.64%
29-Jul-97,1190.30,"1,182.60","1,190.55","1,180.10",45.25M,0.73%
28-Jul-97,1181.65,"1,185.25","1,187.85","1,176.95",39.62M,-0.29%
25-Jul-97,1185.05,"1,194.75","1,195.95","1,179.00",49.25M,-1.24%
24-Jul-97,1199.95,"1,204.35","1,213.40","1,195.20",52.90M,-0.06%
23-Jul-97,1200.70,"1,184.05","1,201.75","1,183.90",53.16M,2.34%
22-Jul-97,1173.25,"1,169.55","1,176.40","1,165.15",45.72M,0.71%
21-Jul-97,1165.00,"1,171.35","1,171.35","1,153.75",41.90M,-1.39%
17-Jul-97,1181.40,"1,182.85","1,185.30","1,173.00",57.65M,-0.14%
16-Jul-97,1183.00,"1,195.55","1,207.00","1,179.25",58.67M,-0.03%
15-Jul-97,1183.35,"1,190.50","1,195.40","1,180.75",53.41M,-0.31%
14-Jul-97,1187.05,"1,212.40","1,215.60","1,176.60",65.04M,-2.79%
11-Jul-97,1221.10,"1,233.50","1,233.50","1,217.00",43.43M,-1.46%
10-Jul-97,1239.15,"1,248.10","1,252.70","1,234.95",53.76M,0.21%
9-Jul-97,1236.55,"1,211.60","1,239.55","1,211.60",55.54M,3.20%
8-Jul-97,1198.25,"1,205.10","1,205.80","1,193.35",48.81M,-0.95%
7-Jul-97,1209.70,"1,217.40","1,226.60","1,208.25",50.91M,-0.53%
4-Jul-97,1216.10,"1,218.95","1,222.60","1,209.45",53.07M,0.10%
3-Jul-97,1214.90,"1,222.45","1,235.45","1,209.45",54.58M,-0.66%
2-Jul-97,1222.95,"1,214.70","1,237.05","1,212.60",66.34M,1.87%
1-Jul-97,1200.45,"1,201.30","1,206.10","1,193.55",64.49M,0.68%
30-Jun-97,1192.40,"1,167.45","1,194.75","1,164.50",48.36M,1.95%
27-Jun-97,1169.65,"1,168.30","1,174.75","1,165.95",44.36M,0.12%
26-Jun-97,1168.20,"1,164.00","1,177.60","1,160.25",80.96M,0.54%
25-Jun-97,1161.90,"1,166.10","1,175.00","1,158.90",53.34M,0.57%
24-Jun-97,1155.30,"1,154.95","1,161.95","1,146.85",42.54M,0.14%
23-Jun-97,1153.70,"1,159.60","1,163.00","1,149.30",48.52M,-0.40%
20-Jun-97,1158.35,"1,162.70","1,174.15","1,154.30",72.30M,-0.13%
19-Jun-97,1159.80,"1,151.95","1,161.70","1,145.35",61.70M,0.00%
18-Jun-97,1159.80,"1,162.20","1,171.00","1,156.05",55.27M,1.84%
17-Jun-97,1138.80,"1,134.90","1,145.80","1,127.15",56.46M,0.81%
16-Jun-97,1129.70,"1,135.30","1,141.05","1,121.85",49.68M,-0.58%
13-Jun-97,1136.30,"1,124.95","1,147.50","1,122.75",70.40M,1.39%
12-Jun-97,1120.70,"1,106.10","1,122.20","1,105.75",48.10M,1.46%
11-Jun-97,1104.60,"1,090.45","1,108.95","1,090.45",47.36M,2.17%
10-Jun-97,1081.10,"1,075.30","1,084.15","1,075.20",39.96M,0.60%
9-Jun-97,1074.65,"1,082.95","1,082.95","1,071.55",38.20M,-0.75%
6-Jun-97,1082.75,"1,087.50","1,091.05","1,081.30",37.10M,-0.35%
5-Jun-97,1086.60,"1,089.85","1,095.50","1,082.85",50.59M,0.08%
4-Jun-97,1085.75,"1,081.55","1,090.95","1,078.80",42.31M,1.12%
3-Jun-97,1073.75,"1,067.65","1,081.75","1,067.55",55.25M,0.83%
2-Jun-97,1064.95,"1,053.05","1,066.15","1,051.05",45.58M,1.34%
30-May-97,1050.90,"1,039.85","1,051.20","1,038.30",46.86M,1.22%
29-May-97,1038.20,"1,024.75","1,040.05","1,023.80",40.84M,1.09%
28-May-97,1027.00,"1,032.50","1,035.35","1,024.55",30.93M,0.13%
27-May-97,1025.70,"1,027.50","1,031.50","1,023.45",37.22M,-0.12%
26-May-97,1026.90,"1,032.15","1,035.80","1,025.50",25.03M,-0.66%
23-May-97,1033.70,"1,037.00","1,039.00","1,028.75",37.95M,-0.34%
22-May-97,1037.20,"1,042.45","1,043.80","1,034.35",32.62M,-0.46%
21-May-97,1042.00,"1,047.50","1,049.70","1,040.55",37.03M,-0.84%
20-May-97,1050.85,"1,051.55","1,053.25","1,045.30",31.74M,0.00%
19-May-97,1050.80,"1,052.20","1,059.25","1,048.05",43.80M,0.23%
16-May-97,1048.40,"1,043.40","1,049.75","1,041.10",37.27M,0.33%
15-May-97,1045.00,"1,041.65","1,049.00","1,036.25",41.61M,0.32%
14-May-97,1041.65,"1,030.35","1,044.15","1,018.15",44.97M,1.03%
13-May-97,1031.05,"1,041.05","1,042.25","1,027.50",32.12M,-0.91%
12-May-97,1040.50,"1,052.80","1,056.50","1,039.05",30.57M,-1.22%
9-May-97,1053.35,"1,054.60","1,063.00","1,048.05",29.14M,-0.07%
8-May-97,1054.05,"1,043.70","1,055.40","1,039.80",26.53M,0.92%
7-May-97,1044.40,"1,053.10","1,055.05","1,042.55",33.41M,-0.38%
6-May-97,1048.40,"1,045.80","1,050.55","1,038.75",37.31M,0.28%
5-May-97,1045.50,"1,061.80","1,061.80","1,043.55",37.24M,-2.20%
2-May-97,1069.00,"1,074.70","1,074.70","1,063.75",28.80M,-1.00%
30-Apr-97,1079.85,"1,081.10","1,088.40","1,075.95",39.89M,2.12%
29-Apr-97,1057.45,"1,063.60","1,065.40","1,052.80",34.58M,-0.75%
28-Apr-97,1065.40,"1,068.60","1,070.70","1,061.20",34.44M,-0.37%
25-Apr-97,1069.40,"1,065.40","1,071.05","1,062.95",33.85M,0.21%
24-Apr-97,1067.20,"1,071.40","1,075.90","1,063.30",33.62M,-0.36%
23-Apr-97,1071.05,"1,065.95","1,078.05","1,063.85",45.20M,1.06%
22-Apr-97,1059.80,"1,066.70","1,073.90","1,056.40",54.75M,-0.08%
21-Apr-97,1060.60,"1,041.45","1,061.80","1,041.25",44.88M,2.45%
17-Apr-97,1035.20,"1,020.40","1,036.15","1,018.25",41.26M,2.00%
15-Apr-97,1014.90,"1,010.65","1,018.60","1,010.65",35.73M,1.16%
12-Apr-97,1003.25,"1,004.90","1,009.90",999.3,24.80M,-1.00%
11-Apr-97,1013.40,993.3,"1,017.20",985.65,45.47M,0.50%
10-Apr-97,1008.35,"1,024.45","1,024.70","1,000.30",49.31M,-2.13%
9-Apr-97,1030.30,"1,009.95","1,031.15","1,009.95",32.98M,3.98%
7-Apr-97,990.90,997.5,998,988,22.27M,-1.01%
4-Apr-97,1001.00,"1,001.90","1,002.00",996.6,19.92M,-0.95%
3-Apr-97,1010.65,"1,004.30","1,012.75","1,000.55",30.30M,0.84%
2-Apr-97,1002.20,982.1,"1,004.65",982.1,34.67M,3.30%
1-Apr-97,970.15,931.95,973.85,931.5,43.68M,0.19%
31-Mar-97,968.30,"1,012.15","1,012.15",966.8,6.63M,-8.46%
27-Mar-97,1057.80,"1,057.45","1,059.00","1,047.70",28.29M,-0.13%
26-Mar-97,1059.20,"1,062.50","1,067.20","1,057.50",36.19M,0.08%
25-Mar-97,1058.35,"1,064.50","1,067.25","1,054.50",39.65M,-0.29%
21-Mar-97,1061.40,"1,058.70","1,069.50","1,058.55",42.52M,0.63%
20-Mar-97,1054.80,"1,049.00","1,059.50","1,040.95",58.86M,0.26%
19-Mar-97,1052.05,"1,074.25","1,079.60","1,050.00",42.51M,-1.16%
18-Mar-97,1064.35,"1,072.30","1,074.50","1,061.05",53.28M,-0.77%
17-Mar-97,1072.60,"1,071.95","1,076.25","1,065.45",48.97M,0.23%
14-Mar-97,1070.10,"1,062.20","1,076.65","1,057.55",60.18M,0.34%
13-Mar-97,1066.50,"1,076.85","1,078.60","1,062.70",34.83M,-0.72%
12-Mar-97,1074.20,"1,066.55","1,088.65","1,065.25",48.95M,2.11%
11-Mar-97,1052.00,"1,073.80","1,083.35","1,046.30",60.26M,-2.48%
10-Mar-97,1078.70,"1,118.80","1,118.80","1,075.05",50.44M,-4.31%
6-Mar-97,1127.25,"1,127.00","1,135.75","1,119.30",49.30M,-0.50%
5-Mar-97,1132.90,"1,144.25","1,167.95","1,122.25",72.36M,1.40%
4-Mar-97,1117.30,"1,111.75","1,121.40","1,098.20",55.91M,0.87%
3-Mar-97,1107.70,"1,102.45","1,140.65","1,095.90",64.40M,0.43%
1-Mar-97,1102.95,"1,070.80","1,106.60","1,070.80",60.59M,10.44%
28-Feb-97,998.65,998.25,"1,006.60",996,62.99M,0.59%
27-Feb-97,992.75,972.35,994.5,972.05,43.87M,2.47%
26-Feb-97,968.85,963.95,970.5,956.75,37.93M,0.28%
25-Feb-97,966.10,962.6,975.25,954.5,53.38M,0.14%
24-Feb-97,964.75,988.7,988.9,961.95,41.02M,-2.70%
21-Feb-97,991.55,"1,000.75","1,002.00",989.5,34.24M,-1.15%
20-Feb-97,1003.10,"1,009.55","1,009.60","1,000.55",37.45M,-0.86%
19-Feb-97,1011.85,"1,004.05","1,013.05",993.85,47.33M,1.11%
18-Feb-97,1000.75,"1,020.75","1,020.85",998.9,47.72M,-1.90%
17-Feb-97,1020.10,"1,017.75","1,024.30","1,015.10",44.42M,1.06%
14-Feb-97,1009.45,"1,001.30","1,011.85","1,001.10",33.07M,0.73%
13-Feb-97,1002.15,998.45,"1,005.10",995.35,31.74M,0.11%
12-Feb-97,1001.00,991.65,"1,008.80",990.9,47.17M,0.83%
11-Feb-97,992.75,980.95,996.05,978.85,40.53M,1.15%
10-Feb-97,981.45,981,986.75,975.15,45.82M,0.27%
7-Feb-97,978.80,969.5,980.95,966.5,47.45M,1.14%
6-Feb-97,967.75,960.75,972.4,953.95,49.66M,0.55%
5-Feb-97,962.50,970.75,984.8,959.5,44.92M,0.44%
4-Feb-97,958.30,947,963.2,944.45,55.62M,1.07%
3-Feb-97,948.20,967.9,967.9,944.2,53.19M,-2.51%
31-Jan-97,972.65,988.7,988.7,965.85,59.79M,-2.73%
30-Jan-97,1000.00,"1,010.60","1,012.85",993.5,61.83M,-1.69%
29-Jan-97,1017.20,"1,038.10","1,043.90","1,007.10",69.07M,-0.45%
28-Jan-97,1021.80,"1,016.00","1,025.10","1,007.95",54.18M,1.25%
27-Jan-97,1009.15,993.15,"1,017.30",990.3,63.13M,2.36%
24-Jan-97,985.90,991.05,991.4,979.55,49.86M,-0.12%
22-Jan-97,987.10,971.4,992.9,971.4,51.95M,2.77%
21-Jan-97,960.50,972.1,980.2,956.45,51.64M,-1.69%
20-Jan-97,977.00,"1,004.10","1,005.55",973.95,48.11M,-2.47%
17-Jan-97,1001.75,994.1,"1,009.70",976.35,68.74M,-0.76%
16-Jan-97,1009.40,"1,064.05","1,085.75",995.35,77.69M,-3.11%
15-Jan-97,1041.80,997.5,"1,042.75",997.05,53.37M,5.31%
14-Jan-97,989.30,984,994.4,977.7,49.91M,0.88%
13-Jan-97,980.70,978.55,982.25,965.5,40.19M,0.04%
10-Jan-97,980.35,962.7,984.1,962.7,52.00M,2.48%
9-Jan-97,956.60,945.15,959.75,943.6,39.57M,1.05%
8-Jan-97,946.70,937.35,953.1,937.35,49.52M,1.93%
7-Jan-97,928.80,926.35,935.15,922.25,44.47M,0.11%
6-Jan-97,927.80,932.45,937.95,925.65,26.32M,-0.41%
3-Jan-97,931.65,924.3,932.6,919.55,35.26M,0.50%
2-Jan-97,927.05,941.95,944,925.05,49.12M,-1.33%
1-Jan-97,939.55,905.2,941.4,905.2,38.95M,4.50%
31-Dec-96,899.10,918.15,922.1,895.6,-,-1.39%
26-Dec-96,911.80,887.95,913.35,887.95,-,3.14%
24-Dec-96,884.05,881.85,887.5,874.05,-,0.23%
23-Dec-96,882.00,884.4,890.65,878.1,-,-0.27%
20-Dec-96,884.38,864.25,887.92,864.25,-,2.77%
19-Dec-96,860.58,858.03,864.54,853.47,-,0.02%
18-Dec-96,860.40,850.69,871.84,850.69,-,1.14%
17-Dec-96,850.74,846.06,853.36,841,-,0.41%
16-Dec-96,847.27,823.71,848.88,823.71,-,2.75%
13-Dec-96,824.62,826.54,826.54,814.89,-,-0.32%
12-Dec-96,827.25,838.86,847.36,825.52,-,-1.17%
11-Dec-96,837.07,806.46,839.13,803.68,-,4.22%
10-Dec-96,803.20,807.73,808.53,797.66,-,-0.68%
9-Dec-96,808.69,809.03,816.2,804.97,-,0.06%
6-Dec-96,808.19,805.51,815.03,805.47,-,0.74%
5-Dec-96,802.23,786.37,808.21,781.54,-,1.79%
4-Dec-96,788.15,805.4,805.82,775.43,-,-2.63%
3-Dec-96,809.43,819.77,819.77,804.46,-,-1.32%
2-Dec-96,820.25,830.48,834.92,818.61,-,-1.21%
29-Nov-96,830.32,825.59,833.81,825.59,-,0.59%
28-Nov-96,825.47,829.28,835.15,823.26,-,-0.44%
27-Nov-96,829.08,848.17,848.21,822.17,-,-3.09%
26-Nov-96,855.48,856.31,870.84,847.6,-,0.38%
25-Nov-96,852.26,850.24,859.24,826.99,-,0.23%
22-Nov-96,850.33,867.82,868.18,848.13,-,-2.24%
21-Nov-96,869.82,876.36,878.26,866.97,-,-0.77%
20-Nov-96,876.61,897.99,897.99,875.36,-,-2.34%
19-Nov-96,897.58,904.5,905.61,895.86,-,-0.72%
18-Nov-96,904.05,893.95,904.89,893.95,-,1.09%
15-Nov-96,894.31,888.58,894.62,885.62,-,0.55%
14-Nov-96,889.39,895.67,897.92,885.21,-,-0.83%
13-Nov-96,896.84,895.98,898.54,889.47,-,0.62%
11-Nov-96,891.27,879.28,895.64,876.83,-,1.24%
10-Nov-96,880.36,885.21,886.84,878.57,-,-0.48%
8-Nov-96,884.64,876.11,885.68,876.11,-,1.11%
7-Nov-96,874.89,867.24,876.25,866.76,-,0.96%
6-Nov-96,866.57,879.81,880.15,851.77,-,-1.70%
5-Nov-96,881.57,890.19,894.4,878.29,-,-0.96%
4-Nov-96,890.13,906.56,906.56,886.68,-,-1.83%
1-Nov-96,906.68,910.32,915.39,904.95,-,-0.29%
31-Oct-96,909.29,927.31,927.31,897.23,-,-1.85%
29-Oct-96,926.39,936.78,936.78,922.89,-,-1.02%
28-Oct-96,935.89,936.84,948.37,934.64,-,-0.11%
25-Oct-96,936.95,929.42,939.73,929.42,-,0.45%
24-Oct-96,932.77,953.48,956.45,928.45,-,-1.95%
23-Oct-96,951.29,924.2,953.44,924.2,-,3.50%
22-Oct-96,919.09,896.87,924.83,896.87,-,2.69%
18-Oct-96,895.00,892.61,899.51,888.61,-,0.33%
17-Oct-96,892.07,891.42,893.33,880.76,-,-0.08%
16-Oct-96,892.77,896.63,905.11,891.16,-,-0.56%
15-Oct-96,897.77,892.07,902.74,885.23,-,0.64%
14-Oct-96,892.05,907.26,907.26,890.71,-,-1.84%
11-Oct-96,908.79,900.11,915.59,897.6,-,1.15%
10-Oct-96,898.42,874.2,900.53,872.83,-,2.71%
9-Oct-96,874.72,873.18,875.85,859.35,-,0.09%
8-Oct-96,873.90,872.57,876.78,850.52,-,-0.01%
7-Oct-96,874.00,905.76,905.76,859.65,-,-3.33%
4-Oct-96,904.12,924.93,925.93,898.47,-,-2.25%
3-Oct-96,924.92,937.16,943.38,921.18,-,-1.21%
1-Oct-96,936.27,944.51,945.66,933.56,-,-0.81%
30-Sep-96,943.96,945.68,948.41,932.27,-,-0.35%
27-Sep-96,947.23,958.79,958.83,942.05,-,-1.26%
26-Sep-96,959.31,970.76,970.89,955.6,-,-1.23%
25-Sep-96,971.29,967.98,981.75,967.98,-,0.25%
24-Sep-96,968.91,968.78,972.74,965.69,-,0.01%
23-Sep-96,968.84,976.08,976.08,963.19,-,-0.84%
20-Sep-96,977.03,979.14,984.45,973.09,-,-0.07%
19-Sep-96,977.76,996.41,"1,001.25",975.85,-,-1.68%
18-Sep-96,994.43,972.73,996.97,969.67,-,2.39%
17-Sep-96,971.21,965.02,975.19,962.93,-,0.93%
16-Sep-96,962.27,980.69,980.69,959.65,-,-1.88%
13-Sep-96,980.72,991.65,991.86,979.8,-,-0.87%
12-Sep-96,989.28,990.88,992.68,981.01,-,-0.21%
11-Sep-96,991.34,"1,001.86","1,008.79",989.71,-,-0.98%
10-Sep-96,1001.15,"1,014.87","1,014.87",996.75,-,-1.26%
9-Sep-96,1013.88,"1,030.42","1,031.22","1,012.34",-,-1.76%
6-Sep-96,1032.09,"1,038.04","1,038.79","1,029.96",-,-0.52%
5-Sep-96,1037.47,"1,028.06","1,038.31","1,028.06",-,1.08%
4-Sep-96,1026.41,"1,022.37","1,028.26","1,012.15",-,0.31%
3-Sep-96,1023.27,"1,039.84","1,046.51","1,017.46",-,-1.32%
2-Sep-96,1036.95,"1,028.91","1,039.98","1,028.91",-,0.77%
30-Aug-96,1029.00,"1,025.91","1,029.89","1,023.44",-,0.31%
29-Aug-96,1025.86,"1,028.70","1,035.59","1,024.67",-,-0.12%
28-Aug-96,1027.09,"1,015.01","1,029.49","1,015.01",-,1.22%
27-Aug-96,1014.68,"1,009.90","1,016.59","1,006.02",-,0.56%
26-Aug-96,1009.04,"1,011.12","1,016.63","1,007.25",-,-0.36%
23-Aug-96,1012.71,"1,001.38","1,014.78","1,000.49",-,1.05%
22-Aug-96,1002.17,"1,001.45","1,010.40",999.85,-,0.30%
21-Aug-96,999.19,980.23,"1,001.84",980.23,-,2.24%
20-Aug-96,977.34,973.13,980.78,968.76,-,0.17%
19-Aug-96,975.66,"1,001.19","1,001.19",972.96,-,-2.65%
16-Aug-96,1002.25,"1,018.28","1,019.64","1,001.35",-,-1.59%
14-Aug-96,1018.48,"1,021.18","1,027.95","1,017.43",-,-0.58%
13-Aug-96,1024.43,"1,031.05","1,031.05","1,021.67",-,-0.75%
12-Aug-96,1032.17,"1,038.11","1,039.93","1,030.40",-,-0.55%
9-Aug-96,1037.91,"1,038.76","1,042.25","1,033.46",-,-0.13%
8-Aug-96,1039.24,"1,050.43","1,054.29","1,037.94",-,-0.89%
7-Aug-96,1048.59,"1,036.59","1,050.54","1,033.52",-,1.26%
6-Aug-96,1035.51,"1,031.80","1,038.04","1,023.73",-,0.31%
5-Aug-96,1032.29,"1,035.73","1,038.20","1,030.34",-,-0.06%
2-Aug-96,1032.94,"1,036.34","1,036.48","1,024.80",-,-0.36%
1-Aug-96,1036.63,"1,047.47","1,054.08","1,035.30",-,-0.59%
31-Jul-96,1042.81,"1,017.06","1,047.04","1,004.76",-,2.75%
30-Jul-96,1014.91,"1,031.01","1,031.01",999.03,-,-1.84%
29-Jul-96,1033.97,"1,054.51","1,057.84","1,030.87",-,-1.64%
26-Jul-96,1051.24,"1,062.04","1,066.12","1,046.46",-,-1.08%
25-Jul-96,1062.68,"1,069.27","1,075.79","1,060.60",-,-0.63%
24-Jul-96,1069.43,"1,090.74","1,090.74","1,049.88",-,-2.08%
23-Jul-96,1092.14,"1,125.15","1,127.08","1,086.28",-,-2.61%
22-Jul-96,1121.37,"1,125.81","1,127.13","1,115.06",-,0.19%
19-Jul-96,1119.27,"1,118.92","1,126.71","1,112.35",-,0.05%
18-Jul-96,1118.68,"1,109.17","1,126.14","1,109.17",-,0.91%
17-Jul-96,1108.58,"1,087.07","1,117.95","1,087.07",-,2.32%
16-Jul-96,1083.47,"1,100.14","1,105.94","1,076.92",-,-0.91%
15-Jul-96,1093.38,"1,089.00","1,098.35","1,081.22",-,0.37%
12-Jul-96,1089.35,"1,096.85","1,099.20","1,086.07",-,-0.74%
11-Jul-96,1097.44,"1,089.45","1,103.19","1,089.45",-,1.00%
10-Jul-96,1086.62,"1,083.49","1,093.27","1,072.48",-,-0.20%
9-Jul-96,1088.76,"1,104.01","1,104.13","1,082.41",-,-1.33%
8-Jul-96,1103.47,"1,095.08","1,106.36","1,095.08",-,0.96%
5-Jul-96,1093.00,"1,089.00","1,104.00","1,088.00",-,0.46%
4-Jul-96,1088.00,"1,080.00","1,099.00","1,056.00",-,0.74%
3-Jul-96,1080.00,"1,100.00","1,100.00","1,076.00",-,-1.82%
2-Jul-96,1100.00,"1,109.00","1,111.00","1,098.00",-,-0.81%
1-Jul-96,1109.00,"1,121.00","1,121.00","1,105.00",-,-1.16%
28-Jun-96,1122.00,"1,128.00","1,136.00","1,119.00",-,-0.44%
27-Jun-96,1127.00,"1,119.00","1,130.00","1,107.00",-,0.64%
26-Jun-96,1119.85,"1,127.43","1,134.43","1,116.96",-,-0.70%
25-Jun-96,1127.78,"1,147.28","1,154.22","1,123.79",-,-1.66%
24-Jun-96,1146.78,"1,157.92","1,159.92","1,138.88",-,-0.92%
21-Jun-96,1157.42,"1,168.72","1,170.01","1,155.56",-,-1.03%
20-Jun-96,1169.48,"1,163.68","1,170.54","1,150.40",-,0.12%
19-Jun-96,1168.03,"1,180.78","1,190.03","1,163.46",-,-1.18%
18-Jun-96,1181.95,"1,176.48","1,184.18","1,173.66",-,-0.29%
17-Jun-96,1185.37,"1,202.58","1,203.11","1,184.36",-,-0.89%
14-Jun-96,1196.06,"1,169.26","1,198.35","1,169.26",-,2.37%
13-Jun-96,1168.40,"1,166.37","1,172.34","1,164.66",-,0.39%
12-Jun-96,1163.87,"1,164.83","1,171.01","1,163.58",-,1.82%
11-Jun-96,1143.06,"1,137.74","1,145.68","1,136.77",-,0.15%
10-Jun-96,1141.35,"1,136.86","1,144.15","1,136.86",-,0.70%
7-Jun-96,1133.44,"1,126.39","1,134.86","1,126.39",-,0.32%
6-Jun-96,1129.82,"1,129.17","1,132.62","1,127.52",-,1.50%
5-Jun-96,1113.14,"1,108.78","1,115.06","1,104.45",-,0.68%
4-Jun-96,1105.64,"1,114.55","1,118.13","1,104.32",-,-0.29%
3-Jun-96,1108.87,"1,098.18","1,109.99","1,098.18",-,1.74%
31-May-96,1089.92,"1,086.46","1,089.92","1,083.73",-,0.65%
30-May-96,1082.84,"1,095.86","1,095.86","1,082.58",-,-1.27%
29-May-96,1096.76,"1,074.23","1,100.59","1,074.23",-,3.14%
28-May-96,1063.36,"1,054.62","1,065.61","1,046.95",-,-0.18%
27-May-96,1065.29,"1,080.55","1,080.55","1,065.29",-,-1.82%
24-May-96,1085.03,"1,079.77","1,087.77","1,077.87",-,0.77%
23-May-96,1076.71,"1,079.89","1,079.89","1,073.76",-,-0.41%
22-May-96,1081.13,"1,082.25","1,086.07","1,079.61",-,0.58%
21-May-96,1074.86,"1,077.18","1,082.52","1,074.19",-,-0.81%
20-May-96,1083.67,"1,094.60","1,094.60","1,083.56",-,-2.86%
17-May-96,1115.54,"1,122.42","1,122.42","1,113.59",-,-1.16%
16-May-96,1128.59,"1,128.45","1,141.64","1,126.29",-,1.13%
15-May-96,1115.97,"1,107.00","1,117.41","1,095.67",-,0.95%
14-May-96,1105.47,"1,087.94","1,107.44","1,085.85",-,1.60%
13-May-96,1088.10,"1,081.68","1,090.16","1,080.68",-,0.88%
10-May-96,1078.63,"1,076.97","1,080.91","1,063.75",-,-1.09%
9-May-96,1090.53,"1,101.41","1,107.41","1,089.87",-,-1.62%
8-May-96,1108.53,"1,082.78","1,113.62","1,075.94",-,1.41%
7-May-96,1093.09,"1,086.66","1,094.97","1,086.66",-,0.45%
6-May-96,1088.22,"1,108.00","1,108.00","1,087.86",-,-2.79%
3-May-96,1119.48,"1,126.08","1,127.99","1,119.34",-,-1.11%
2-May-96,1132.05,"1,131.96","1,132.05","1,123.15",-,-0.51%
1-May-96,1137.86,"1,141.65","1,141.65","1,133.92",-,2.11%
30-Apr-96,1114.36,"1,118.10","1,118.23","1,112.44",-,-0.36%
29-Apr-96,1118.37,"1,112.70","1,118.69","1,107.51",-,-0.47%
26-Apr-96,1123.63,"1,133.17","1,133.17","1,106.29",-,0.25%
25-Apr-96,1120.82,"1,157.94","1,160.16","1,110.61",-,-2.12%
24-Apr-96,1145.11,"1,136.97","1,145.11","1,126.77",-,4.50%
23-Apr-96,1095.82,"1,090.04","1,100.51","1,090.04",-,-1.00%
22-Apr-96,1106.93,"1,136.28","1,136.28","1,102.83",-,-2.19%
19-Apr-96,1131.74,"1,124.30","1,142.26","1,124.30",-,0.90%
18-Apr-96,1121.68,"1,107.76","1,124.93","1,107.76",-,2.32%
17-Apr-96,1096.28,"1,067.93","1,096.28","1,067.93",-,3.55%
16-Apr-96,1058.71,"1,046.80","1,060.85","1,046.80",-,1.17%
15-Apr-96,1046.45,"1,038.03","1,050.48","1,038.03",-,1.38%
12-Apr-96,1032.19,"1,023.84","1,033.17","1,023.84",-,0.68%
11-Apr-96,1025.18,"1,024.37","1,026.52","1,022.31",-,-0.40%
10-Apr-96,1029.28,"1,030.57","1,035.79","1,027.07",-,0.02%
9-Apr-96,1029.07,"1,035.61","1,041.05","1,028.78",-,-0.30%
8-Apr-96,1032.13,"1,024.40","1,034.72","1,024.40",-,2.10%
4-Apr-96,1010.94,"1,012.29","1,012.29","1,000.90",-,-0.25%
3-Apr-96,1013.47,"1,013.41","1,019.09","1,012.79",-,1.02%
2-Apr-96,1003.28,996.07,"1,005.68",996.07,-,0.85%
1-Apr-96,994.80,988.33,995.01,988.33,-,0.96%
29-Mar-96,985.30,998.16,998.16,985.3,-,-1.21%
28-Mar-96,997.32,976.91,997.32,976.91,-,2.38%
27-Mar-96,974.17,965.84,975.6,965.84,-,1.78%
26-Mar-96,957.14,952.87,958.58,949.28,-,0.33%
25-Mar-96,953.98,956.89,957.19,952.25,-,-0.22%
22-Mar-96,956.11,962.34,962.34,950.07,-,-0.98%
21-Mar-96,965.57,957.88,967.75,957.88,-,1.95%
19-Mar-96,947.09,961.12,964.08,945.07,-,-1.56%
18-Mar-96,962.09,977.71,977.71,961.37,-,-2.01%
15-Mar-96,981.87,989.55,989.98,981.67,-,-0.94%
14-Mar-96,991.14,993.72,"1,002.68",990.41,-,-0.10%
13-Mar-96,992.14,973.75,992.54,972.77,-,1.63%
12-Mar-96,976.22,974.71,976.46,969.15,-,0.10%
11-Mar-96,975.26,981.16,981.16,966.28,-,-1.35%
8-Mar-96,988.62,993.93,993.93,981.6,-,-0.98%
7-Mar-96,998.45,"1,005.06","1,010.50",998.45,-,-0.44%
6-Mar-96,1002.91,999.67,"1,003.72",997.86,-,0.41%
4-Mar-96,998.84,"1,000.58","1,002.41",996.51,-,-0.06%
1-Mar-96,999.47,994.66,"1,002.19",989.78,-,0.70%
29-Feb-96,992.51,"1,024.14","1,024.14",992.48,-,-3.40%
28-Feb-96,1027.39,"1,034.49","1,037.53","1,027.39",-,-0.01%
27-Feb-96,1027.45,"1,034.28","1,034.28","1,024.65",-,-0.70%
26-Feb-96,1034.73,"1,035.02","1,045.15","1,034.52",-,0.57%
23-Feb-96,1028.84,"1,025.36","1,029.64","1,019.45",-,0.38%
22-Feb-96,1024.91,"1,006.84","1,025.44","1,006.84",-,2.48%
20-Feb-96,1000.13,"1,021.08","1,021.08",999.93,-,-2.08%
19-Feb-96,1021.38,"1,027.20","1,028.26","1,019.93",-,-0.17%
16-Feb-96,1023.08,"1,040.84","1,040.84","1,020.46",-,-2.21%
15-Feb-96,1046.24,"1,048.14","1,053.19","1,042.36",-,-0.55%
14-Feb-96,1051.99,"1,040.91","1,067.49","1,040.91",-,2.40%
13-Feb-96,1027.36,"1,019.69","1,030.30","1,006.28",-,0.87%
12-Feb-96,1018.51,"1,032.47","1,045.81","1,018.51",-,-1.40%
9-Feb-96,1033.02,"1,001.85","1,033.02",980.27,-,5.38%
8-Feb-96,980.27,936.72,983.25,936.72,-,5.18%
7-Feb-96,932.02,918.97,932.02,913.22,-,0.68%
6-Feb-96,925.71,943.75,947.89,919.99,-,-1.84%
5-Feb-96,943.08,933.14,949.16,927.65,-,2.70%
2-Feb-96,918.31,878.5,919.82,878.5,-,5.61%
1-Feb-96,869.54,848.28,869.54,848.28,-,2.49%
31-Jan-96,848.42,843.19,852.75,843.19,-,0.22%
30-Jan-96,846.57,836.14,848.13,836.14,-,1.89%
29-Jan-96,830.88,813.12,832.23,813.12,-,1.96%
25-Jan-96,814.92,819.56,819.56,814.34,-,-0.46%
24-Jan-96,818.69,831.17,831.17,816,-,-1.71%
23-Jan-96,832.90,846.05,846.05,830.83,-,-1.35%
22-Jan-96,844.31,844.83,847.12,844.04,-,0.04%
19-Jan-96,843.99,846.66,847.17,840.18,-,-0.57%
18-Jan-96,848.83,853.28,853.28,841.79,-,-0.97%
17-Jan-96,857.11,866,866,857.11,-,-1.31%
16-Jan-96,868.52,871.29,871.29,866.64,-,-0.32%
15-Jan-96,871.32,878.74,878.74,870.98,-,-0.44%
12-Jan-96,875.15,875.11,877.6,872.1,-,0.22%
11-Jan-96,873.27,862.62,873.72,861.97,-,1.10%
10-Jan-96,863.80,863.86,869.01,863.8,-,-0.61%
9-Jan-96,869.12,864.84,870.71,856.77,-,-0.07%
8-Jan-96,869.70,883.64,883.64,868.44,-,-1.70%
5-Jan-96,884.73,887.79,887.79,881.74,-,-0.56%
4-Jan-96,889.67,891.37,891.37,884.1,-,-0.70%
3-Jan-96,895.96,901.66,904.48,895.48,-,-0.49%
2-Jan-96,900.38,906.78,906.78,899.52,-,-0.84%
1-Jan-96,908.01,913.11,913.11,906.15,-,-0.06%
29-Dec-95,908.53,912.72,912.72,906.32,-,-0.66%
28-Dec-95,914.55,923.67,927.6,913.76,-,-0.86%
27-Dec-95,922.50,908.81,923.09,908.81,-,1.90%
26-Dec-95,905.33,899.87,906.47,898.41,-,0.52%
22-Dec-95,900.65,900.86,906.63,899.38,-,0.02%
21-Dec-95,900.50,888.25,900.5,887.73,-,1.69%
20-Dec-95,885.53,883.68,887.19,883.68,-,0.20%
19-Dec-95,883.72,882.35,884.19,879.54,-,0.12%
18-Dec-95,882.63,883.29,883.58,881.17,-,-0.09%
15-Dec-95,883.41,876.95,883.85,875.5,-,-0.11%
14-Dec-95,884.34,890.81,891.98,884.31,-,-0.55%
13-Dec-95,889.26,881.3,889.26,881.3,-,1.11%
12-Dec-95,879.49,878.99,880.08,875.43,-,0.24%
11-Dec-95,877.41,882.58,882.58,874.37,-,-1.09%
8-Dec-95,887.12,900.28,908.12,886.54,-,-1.28%
7-Dec-95,898.62,881.97,901.25,881.97,-,2.24%
6-Dec-95,878.93,870.39,878.93,868.12,-,1.43%
5-Dec-95,866.52,860.02,867.59,854.47,-,0.33%
4-Dec-95,863.70,870.29,873.05,861.97,-,-1.07%
1-Dec-95,873.05,867.99,877.41,866.37,-,1.27%
30-Nov-95,862.10,840.87,863.98,838.36,-,2.01%
29-Nov-95,845.12,845.36,845.36,822.54,-,0.17%
28-Nov-95,843.68,854.5,854.5,841.44,-,-2.04%
27-Nov-95,861.25,871.94,878.58,858.93,-,-1.13%
24-Nov-95,871.11,849.6,874.97,849.6,-,2.54%
23-Nov-95,849.50,856.2,856.2,842.33,-,-1.73%
22-Nov-95,864.42,878,878,856.92,-,-1.39%
21-Nov-95,876.59,891.96,891.96,876,-,-1.81%
20-Nov-95,892.79,896.27,898.86,892.05,-,-0.68%
17-Nov-95,898.86,898.72,900.41,885.31,-,-0.58%
16-Nov-95,904.08,915.96,915.96,900.83,-,-1.00%
15-Nov-95,913.21,901.33,913.54,901.33,-,1.18%
14-Nov-95,902.56,916.66,916.66,897.52,-,-1.60%
13-Nov-95,917.26,949.29,949.29,916.48,-,-3.33%
10-Nov-95,948.82,951.93,951.93,946,-,-0.45%
9-Nov-95,953.07,960.32,960.32,952.13,-,-1.13%
8-Nov-95,964.01,976.28,976.28,962.98,-,-1.45%
7-Nov-95,978.22,987.17,987.17,977.05,-,-1.08%
6-Nov-95,988.92,"1,001.53","1,001.53",988.92,-,-1.11%
